{"cameraMode":{"drawMode":0,"name":"Shaded","section":"Shading Mode"},"sceneLighting":true,"audioPlay":false,"sceneViewState":{"showFog":true,"showMaterialUpdate":false,"showSkybox":true,"showFlares":true,"showImageEffects":true,"showParticleSystems":true},"in2DMode":false,"pivot":{"x":55.653076171875,"y":-43.594478607177737,"z":19.573461532592775},"rotation":{"x":0.3363257050514221,"y":0.6087364554405212,"z":-0.31692877411842348,"w":0.645132303237915},"size":44.33324432373047,"orthographic":false}